date,serial_number,model,capacity_bytes,failure,smart_5_normalized,smart_187_normalized,smart_188_normalized,smart_197_normalized,smart_198_normalized
1/1/2019,ZA18197Z,ST8000NM0055,8.00E+12,1,93,1,100,100,100
1/1/2019,S300YTAY,ST4000DM000,4.00E+12,1,99,100,100,100,100
1/1/2019,S300ZREZ,ST4000DM000,4.00E+12,1,100,49,100,100,100
1/1/2019,ZA180YM3,ST8000NM0055,8.00E+12,1,100,100,100,100,100
2/1/2019,ZDEB35E7,ST500LM030,5.00E+11,1,100,100,100,100,100
2/1/2019,ZCH07RLC,ST12000NM0007,1.20E+13,1,100,100,100,100,100
2/1/2019,ZA120GQQ,ST8000DM002,8.00E+12,1,99,78,100,100,100
2/1/2019,Z302T6AB,ST4000DM000,4.00E+12,1,100,62,100,98,98
2/1/2019,Z3026Q5Y,ST4000DM000,4.00E+12,1,100,96,100,100,100
3/1/2019,W300THEG,ST4000DM000,4.00E+12,1,99,86,100,100,100
3/1/2019,WCT0EJDY,ST8000DM004,8.00E+12,1,100,100,100,100,100
3/1/2019,ZCH0C6VX,ST12000NM0007,1.20E+13,1,100,100,100,100,100
3/1/2019,S2ZYJ9CG108681,ST500LM012 HN,5.00E+11,1,252,,,252,252
3/1/2019,ZA11QHJ1,ST8000DM002,8.00E+12,1,99,87,100,100,100
3/1/2019,ZCH08BSC,ST12000NM0007,1.20E+13,1,93,78,100,100,100
3/1/2019,ZCH0931T,ST12000NM0007,1.20E+13,1,92,99,100,100,100
4/1/2019,ZA13R2NE,ST8000DM002,8.00E+12,1,95,94,100,100,100
4/1/2019,ZCH075WD,ST12000NM0007,1.20E+13,1,100,100,100,100,100
4/1/2019,ZA18145R,ST8000NM0055,8.00E+12,1,100,97,100,100,100
5/1/2019,ZJV0WCS2,ST12000NM0007,1.20E+13,1,100,100,100,100,100
5/1/2019,ZDEB1F1G,ST500LM030,5.00E+11,1,100,100,100,100,100
5/1/2019,66GHS5MMS,TOSHIBA MQ01ABF050,5.00E+11,1,100,,,100,100
6/1/2019,ZA18CEVN,ST8000NM0055,8.00E+12,1,100,97,100,100,100
6/1/2019,ZCH07H2T,ST12000NM0007,1.20E+13,1,100,99,100,100,100
7/1/2019,S2ZYJ9FG404776,ST500LM012 HN,5.00E+11,1,252,,,100,252
7/1/2019,ZCH076TV,ST12000NM0007,1.20E+13,1,100,100,100,100,100
7/1/2019,ZCH07JDQ,ST12000NM0007,1.20E+13,1,97,93,100,100,100
7/1/2019,ZCH06ZQA,ST12000NM0007,1.20E+13,1,98,79,100,100,100
7/1/2019,ZJV0WEQM,ST12000NM0007,1.20E+13,1,95,61,100,100,100
7/1/2019,ZA13R3XX,ST8000DM002,8.00E+12,1,99,91,100,100,100
7/1/2019,188DT93WT,TOSHIBA MQ01ABF050M,5.00E+11,1,100,,,100,100
7/1/2019,ZJV0DH3Q,ST12000NM0007,1.20E+13,1,100,100,100,100,100
8/1/2019,PL2331LAH9R55J,HGST HMS5C4040BLE640,4.00E+12,1,100,,,100,100
8/1/2019,Z3040Z4M,ST4000DM000,4.00E+12,1,100,100,100,100,100
8/1/2019,ZCH0DVJN,ST12000NM0007,1.20E+13,1,100,100,100,100,100
8/1/2019,ZCH0B8ZF,ST12000NM0007,1.20E+13,1,100,99,100,100,100
8/1/2019,ZA13ZS5A,ST8000DM002,8.00E+12,1,100,99,100,100,100
8/1/2019,ZA180YYT,ST8000NM0055,8.00E+12,1,100,100,100,100,100
8/1/2019,ZCH09257,ST12000NM0007,1.20E+13,1,100,95,100,100,100
9/1/2019,ZA11X9WD,ST8000DM002,8.00E+12,1,100,99,100,100,100
9/1/2019,ZCH06TSA,ST12000NM0007,1.20E+13,1,100,100,100,100,100
10/1/2019,Z304JMZP,ST4000DM000,4.00E+12,1,100,100,100,100,100
10/1/2019,87DFWOG3T,TOSHIBA MQ01ABF050,5.00E+11,1,100,,,100,100
10/1/2019,ZA153S9S,ST8000NM0055,8.00E+12,1,100,100,100,100,100
10/1/2019,ZA180QHT,ST8000NM0055,8.00E+12,1,100,100,100,100,100
10/1/2019,ZCH06WP8,ST12000NM0007,1.20E+13,1,100,100,100,100,100
10/1/2019,ZJV00N9A,ST12000NM0007,1.20E+13,1,100,100,100,100,100
10/1/2019,ZCH08VPK,ST12000NM0007,1.20E+13,1,88,5,100,100,100
10/1/2019,Z304ZBFY,ST4000DM000,4.00E+12,1,100,82,100,100,100
10/1/2019,ZCH0BMML,ST12000NM0007,1.20E+13,1,99,98,100,100,100
10/1/2019,ZCH06MRJ,ST12000NM0007,1.20E+13,1,100,87,100,100,100
11/1/2019,ZCH07WGZ,ST12000NM0007,1.20E+13,1,85,79,100,100,100
11/1/2019,S2ZYJ9CF715329,ST500LM012 HN,5.00E+11,1,252,,,100,252
11/1/2019,PL2331LAH3HXGJ,HGST HMS5C4040BLE640,4.00E+12,1,100,,,100,100
11/1/2019,ZCH07HK7,ST12000NM0007,1.20E+13,1,99,92,100,100,100
11/1/2019,ZCH06L88,ST12000NM0007,1.20E+13,1,100,100,100,100,100
11/1/2019,ZA174KNX,ST8000NM0055,8.00E+12,1,100,100,100,100,100
11/1/2019,ZA1814EZ,ST8000NM0055,8.00E+12,1,100,100,100,100,100
12/1/2019,ZCH077G2,ST12000NM0007,1.20E+13,1,100,100,100,100,100
13/1/2019,S301GM8H,ST4000DM000,4.00E+12,1,100,82,100,100,100
13/1/2019,S301GPB1,ST4000DM000,4.00E+12,1,100,79,100,100,100
13/1/2019,S301GS1L,ST4000DM000,4.00E+12,1,100,77,100,100,100
13/1/2019,Z303XYPJ,ST4000DM000,4.00E+12,1,100,91,100,100,100
14/1/2019,96ICTBPQT,TOSHIBA MQ01ABF050,5.00E+11,1,100,,,100,100
14/1/2019,PL1331LAHEZ7JH,HGST HMS5C4040BLE640,4.00E+12,1,100,,,100,100
14/1/2019,Z302T7JZ,ST4000DM000,4.00E+12,1,100,100,100,100,100
14/1/2019,S301GQA4,ST4000DM000,4.00E+12,1,100,100,100,100,100
14/1/2019,Z303Y470,ST4000DM000,4.00E+12,1,100,100,100,100,100
15/1/2019,ZJV03KEK,ST12000NM0007,1.20E+13,1,100,100,100,100,100
15/1/2019,ZCH07F4G,ST12000NM0007,1.20E+13,1,98,92,100,100,100
15/1/2019,ZA17347A,ST8000NM0055,8.00E+12,1,100,100,100,100,100
15/1/2019,ZA18106W,ST8000NM0055,8.00E+12,1,100,100,100,100,100
15/1/2019,ZCH0CCQ7,ST12000NM0007,1.20E+13,1,98,100,100,100,100
15/1/2019,S300Z60X,ST4000DM000,4.00E+12,1,100,94,100,100,100
15/1/2019,Z3059CCB,ST4000DM000,4.00E+12,1,100,95,100,100,100
16/1/2019,ZA21CC6L,ST10000NM0086,1.00E+13,1,100,97,100,100,100
16/1/2019,ZA1814JM,ST8000NM0055,8.00E+12,1,100,100,100,100,100
16/1/2019,Z302F0C0,ST4000DM000,4.00E+12,1,100,100,100,100,100
16/1/2019,ZJV2E9J0,ST12000NM0007,1.20E+13,1,100,100,100,100,100
17/1/2019,Z3025LXD,ST4000DM000,4.00E+12,1,98,96,100,61,61
17/1/2019,ZA180QC8,ST8000NM0055,8.00E+12,1,100,95,100,100,100
17/1/2019,ZA12XGTD,ST8000NM0055,8.00E+12,1,100,98,100,100,100
17/1/2019,ZA15YBJM,ST8000NM0055,8.00E+12,1,100,100,100,100,100
17/1/2019,ZCH0CJPF,ST12000NM0007,1.20E+13,1,94,100,100,100,100
17/1/2019,Z304JWPG,ST4000DM000,4.00E+12,1,100,82,100,100,100
18/1/2019,ZA11J9ZY,ST8000DM002,8.00E+12,1,100,100,100,100,100
18/1/2019,ZA18183R,ST8000NM0055,8.00E+12,1,100,100,100,100,100
19/1/2019,PL1331LAHD5RRH,HGST HMS5C4040BLE640,4.00E+12,1,100,,,100,100
19/1/2019,Z300PQPQ,ST4000DM000,4.00E+12,1,100,100,100,100,100
20/1/2019,ZA171RQB,ST8000NM0055,8.00E+12,1,100,100,100,100,100
21/1/2019,Z302F2WA,ST4000DM000,4.00E+12,1,98,93,100,100,100
21/1/2019,S301NKQV,ST4000DM000,4.00E+12,1,100,70,100,100,100
21/1/2019,ZA12X0AP,ST8000NM0055,8.00E+12,1,100,100,100,100,100
21/1/2019,S2ZYJ9CF504029,ST500LM012 HN,5.00E+11,1,252,,,252,252
21/1/2019,ZA126676,ST8000DM002,8.00E+12,1,100,80,100,100,100
21/1/2019,ZCH0840Z,ST12000NM0007,1.20E+13,1,99,94,100,100,100
21/1/2019,Z302T6A8,ST4000DM000,4.00E+12,1,100,99,100,98,98
21/1/2019,Z304HSVA,ST4000DM000,4.00E+12,1,100,98,100,100,100
21/1/2019,Z3025M1G,ST4000DM000,4.00E+12,1,100,94,100,98,98
21/1/2019,ZA16CR18,ST8000NM0055,8.00E+12,1,100,100,100,100,100
22/1/2019,ZDEC8Z1Y,ST500LM030,5.00E+11,1,100,100,100,100,100
22/1/2019,ZA173E77,ST8000NM0055,8.00E+12,1,100,99,100,100,100
22/1/2019,ZJV03N38,ST12000NM0007,1.20E+13,1,100,96,100,100,100
22/1/2019,ZA1816BZ,ST8000NM0055,8.00E+12,1,100,100,100,100,100
22/1/2019,ZCH07DZ7,ST12000NM0007,1.20E+13,1,100,99,100,100,100
22/1/2019,188DT94ZT,TOSHIBA MQ01ABF050M,5.00E+11,1,100,,,100,100
23/1/2019,ZJV03JH3,ST12000NM0007,1.20E+13,1,100,1,100,100,100
23/1/2019,ZJV0M2TR,ST12000NM0007,1.20E+13,1,100,100,100,100,100
23/1/2019,ZA1818RN,ST8000NM0055,8.00E+12,1,100,100,100,100,100
23/1/2019,S300TS9Z,ST4000DM000,4.00E+12,1,100,96,100,100,100
23/1/2019,ZA21DNJD,ST10000NM0086,1.00E+13,1,99,97,100,100,100
23/1/2019,S2ZYJ9DFA03940,ST500LM012 HN,5.00E+11,1,252,,,252,252
23/1/2019,Z302SYPR,ST4000DM000,4.00E+12,1,100,78,100,100,100
23/1/2019,ZCH07RN1,ST12000NM0007,1.20E+13,1,98,98,100,100,100
23/1/2019,ZCH0E54J,ST12000NM0007,1.20E+13,1,100,62,100,100,100
23/1/2019,S2ZYJ9FG404788,ST500LM012 HN,5.00E+11,1,252,,,252,252
23/1/2019,ZCH07ZW4,ST12000NM0007,1.20E+13,1,100,98,100,100,100
23/1/2019,ZCH0BPTZ,ST12000NM0007,1.20E+13,1,100,99,100,100,100
24/1/2019,ZJV02LNB,ST12000NM0007,1.20E+13,1,100,100,100,100,100
24/1/2019,Z3041TE5,ST4000DM000,4.00E+12,1,100,91,100,100,100
24/1/2019,PL2331LAGPKGSJ,HGST HMS5C4040ALE640,4.00E+12,1,100,,,100,100
24/1/2019,ZCH0A24Q,ST12000NM0007,1.20E+13,1,61,98,100,100,100
24/1/2019,ZA1810B6,ST8000NM0055,8.00E+12,1,100,100,100,100,100
24/1/2019,ZCH07RJM,ST12000NM0007,1.20E+13,1,80,93,100,100,100
25/1/2019,ZCH0BC0N,ST12000NM0007,1.20E+13,1,100,100,100,100,100
25/1/2019,Z304JJ0A,ST4000DM000,4.00E+12,1,100,87,100,100,100
25/1/2019,Z304L8JW,ST4000DM000,4.00E+12,1,100,100,100,100,100
25/1/2019,WD-WXB1AB527399,WDC WD5000LPCX,5.00E+11,1,200,,,200,100
25/1/2019,ZCH0BVLB,ST12000NM0007,1.20E+13,1,100,93,100,100,100
25/1/2019,ZCH0CZ94,ST12000NM0007,1.20E+13,1,100,98,100,100,100
26/1/2019,ZA143SM3,ST8000DM002,8.00E+12,1,100,100,100,100,100
26/1/2019,ZJV1CSQ0,ST12000NM0007,1.20E+13,1,100,100,100,100,100
27/1/2019,Z304JN7J,ST4000DM000,4.00E+12,1,100,95,100,100,100
27/1/2019,ZCH05KWT,ST12000NM0007,1.20E+13,1,100,87,100,100,100
27/1/2019,Z303MZ9Y,ST4000DM000,4.00E+12,1,100,100,100,100,100
27/1/2019,Z30251XR,ST4000DM000,4.00E+12,1,100,100,100,100,100
28/1/2019,ZA1890DY,ST8000NM0055,8.00E+12,1,98,98,100,100,100
28/1/2019,Z3025LRK,ST4000DM000,4.00E+12,1,100,1,100,100,100
28/1/2019,ZCH08N8S,ST12000NM0007,1.20E+13,1,99,99,100,100,100
28/1/2019,ZCH0BFCV,ST12000NM0007,1.20E+13,1,100,100,100,100,100
28/1/2019,ZA11SBWJ,ST8000NM0055,8.00E+12,1,93,96,100,100,100
28/1/2019,Z300YLXG,ST4000DM000,4.00E+12,1,84,100,100,84,84
29/1/2019,S300X3XJ,ST4000DM000,4.00E+12,1,100,98,100,100,100
29/1/2019,ZJV00NYA,ST12000NM0007,1.20E+13,1,100,100,100,100,100
30/1/2019,AAG1SRHH,HGST HUH721212ALN604,1.20E+13,1,100,,,100,100
31/1/2019,ZJV1CSTH,ST12000NM0007,1.20E+13,1,100,100,100,100,100
31/1/2019,Z302SR45,ST4000DM000,4.00E+12,1,100,100,100,100,100
1/2/2019,ZCH0FEAV,ST12000NM0007,1.20E+13,1,100,100,100,100,100
1/2/2019,ZCH07BEE,ST12000NM0007,1.20E+13,1,99,100,100,100,100
1/2/2019,X8L0A01BF97G,TOSHIBA MG07ACA14TA,1.40E+13,1,100,,,100,100
1/2/2019,S300Z5S4,ST4000DM000,4.00E+12,1,100,100,100,100,100
2/2/2019,ZCH07B11,ST12000NM0007,1.20E+13,1,100,100,100,100,100
2/2/2019,Z304JM43,ST4000DM000,1.37E+11,1,,,,,
2/2/2019,ZJV03KMS,ST12000NM0007,1.20E+13,1,100,100,100,100,100
2/2/2019,ZCH06PC6,ST12000NM0007,1.20E+13,1,98,95,100,100,100
3/2/2019,ZCH0BXAL,ST12000NM0007,1.20E+13,1,100,100,100,100,100
3/2/2019,ZA130MZT,ST8000DM002,8.00E+12,1,100,100,100,100,100
3/2/2019,ZJV1J8AX,ST12000NM0007,1.20E+13,1,100,100,100,100,100
3/2/2019,ZJV2ECXH,ST12000NM0007,1.20E+13,1,100,100,100,100,100
4/2/2019,ZA16CLZT,ST8000NM0055,8.00E+12,1,100,100,100,100,100
4/2/2019,S300WCSR,ST4000DM000,4.00E+12,1,100,100,100,100,100
4/2/2019,ZCH0BABW,ST12000NM0007,1.20E+13,1,100,100,100,100,100
4/2/2019,ZCH07CRX,ST12000NM0007,1.20E+13,1,100,98,100,100,100
5/2/2019,ZCH0CK4L,ST12000NM0007,1.20E+13,1,100,100,100,100,100
5/2/2019,ZCH0BA12,ST12000NM0007,1.20E+13,1,100,100,100,100,100
5/2/2019,PL1331LAHEU86H,HGST HMS5C4040BLE640,4.00E+12,1,100,,,100,100
6/2/2019,Z304L856,ST4000DM000,4.00E+12,1,100,82,100,100,100
6/2/2019,ZCH0CZTV,ST12000NM0007,1.20E+13,1,100,100,100,100,100
6/2/2019,ZCH0818W,ST12000NM0007,1.20E+13,1,100,97,100,100,100
6/2/2019,96ICTBPTT,TOSHIBA MQ01ABF050,5.00E+11,1,100,,,100,100
6/2/2019,ZCH06DP9,ST12000NM0007,1.20E+13,1,100,99,100,100,100
6/2/2019,Z305DXS7,ST4000DM000,4.00E+12,1,100,100,100,100,100
6/2/2019,Z300VXA5,ST4000DM000,4.00E+12,1,100,95,100,100,100
7/2/2019,Z302CYHA,ST4000DM000,4.00E+12,1,100,92,100,100,100
7/2/2019,ZDEC8Y57,ST500LM030,5.00E+11,1,100,100,100,100,100
7/2/2019,ZCH0CLDX,ST12000NM0007,1.20E+13,1,100,100,100,100,100
7/2/2019,Z302EQBN,ST4000DM000,4.00E+12,1,100,100,100,100,100
7/2/2019,ZA121T2A,ST8000DM002,8.00E+12,1,100,95,100,100,100
7/2/2019,ZJV0016J,ST12000NM0007,1.20E+13,1,83,22,100,100,100
7/2/2019,Z304JG10,ST4000DM000,4.00E+12,1,100,96,100,100,100
7/2/2019,Z305PV18,ST4000DM000,4.00E+12,1,100,99,100,100,100
7/2/2019,ZA143SAS,ST8000DM002,8.00E+12,1,100,100,100,100,100
7/2/2019,ZA13AG2K,ST8000NM0055,8.00E+12,1,100,100,100,100,100
8/2/2019,WD-WX71A14S0199,WDC WD5000LPVX,5.00E+11,1,200,,,200,100
8/2/2019,ZA180R3Y,ST8000NM0055,8.00E+12,1,100,100,100,100,100
8/2/2019,ZA180N6K,ST8000NM0055,8.00E+12,1,100,100,100,100,100
8/2/2019,ZCH07TJ4,ST12000NM0007,1.20E+13,1,100,100,100,100,100
8/2/2019,ZJV2EB4D,ST12000NM0007,1.20E+13,1,100,100,100,100,100
8/2/2019,Z302T6F4,ST4000DM000,4.00E+12,1,100,93,100,100,100
8/2/2019,ZCH08PZD,ST12000NM0007,1.20E+13,1,100,81,100,100,100
9/2/2019,ZCH0D1PC,ST12000NM0007,1.20E+13,1,100,100,100,100,100
10/2/2019,ZCH0CJD5,ST12000NM0007,1.20E+13,1,100,100,100,100,100
10/2/2019,S300Z4LV,ST4000DM000,4.00E+12,1,100,91,100,100,100
10/2/2019,Z305DHXM,ST4000DM000,4.00E+12,1,100,93,100,100,100
10/2/2019,Z304LAEN,ST4000DM000,4.00E+12,1,100,94,100,100,100
10/2/2019,ZA13GZCA,ST8000NM0055,8.00E+12,1,100,97,100,100,100
10/2/2019,S300XE94,ST4000DM000,4.00E+12,1,100,100,100,100,100
10/2/2019,ZA1818CA,ST8000NM0055,8.00E+12,1,100,100,100,100,100
11/2/2019,ZJV02J5W,ST12000NM0007,1.20E+13,1,100,100,100,100,100
11/2/2019,ZJV009V2,ST12000NM0007,1.20E+13,1,100,94,100,100,100
11/2/2019,ZJV0079J,ST12000NM0007,1.20E+13,1,96,88,100,100,100
11/2/2019,PL1331LAGK9JRH,HGST HMS5C4040BLE640,4.00E+12,1,100,,,100,100
11/2/2019,ZCH0BJ05,ST12000NM0007,1.20E+13,1,100,100,100,100,100
11/2/2019,S30115HR,ST4000DM000,4.00E+12,1,99,99,100,100,100
11/2/2019,S2ZYJ9KFC03619,ST500LM012 HN,5.00E+11,1,252,,,100,252
11/2/2019,ZA171V9Z,ST8000NM0055,8.00E+12,1,100,100,100,100,100
11/2/2019,ZCH06HG5,ST12000NM0007,1.20E+13,1,92,80,100,100,100
11/2/2019,ZCH09RAW,ST12000NM0007,1.20E+13,1,100,100,100,100,100
11/2/2019,ZJV007FG,ST12000NM0007,1.20E+13,1,100,100,100,100,100
11/2/2019,ZCH07JLH,ST12000NM0007,1.20E+13,1,100,100,100,100,100
11/2/2019,Z3025K5H,ST4000DM000,4.00E+12,1,100,100,100,100,100
11/2/2019,ZCH0707D,ST12000NM0007,1.20E+13,1,100,44,100,100,100
12/2/2019,S301PSAT,ST4000DM000,4.00E+12,1,100,100,100,100,100
12/2/2019,ZJV04NSJ,ST12000NM0007,1.20E+13,1,96,91,100,100,100
12/2/2019,ZCH06HZL,ST12000NM0007,1.20E+13,1,98,100,100,100,100
12/2/2019,ZCH07VW8,ST12000NM0007,1.20E+13,1,100,100,100,100,100
13/2/2019,ZA189XD8,ST8000NM0055,8.00E+12,1,100,100,100,100,100
13/2/2019,ZJV04TMW,ST12000NM0007,1.20E+13,1,100,84,100,100,100
14/2/2019,ZA180Z3W,ST8000NM0055,8.00E+12,1,100,100,100,100,100
14/2/2019,S2ZYJ9GF302349,ST500LM012 HN,5.00E+11,1,252,,,252,252
14/2/2019,ZJV0WBVF,ST12000NM0007,1.20E+13,1,100,100,100,100,100
14/2/2019,ZJV00CJB,ST12000NM0007,1.20E+13,1,100,100,100,100,100
14/2/2019,96HCTBI6T,TOSHIBA MQ01ABF050,5.00E+11,1,100,,,100,100
14/2/2019,ZA12KYZZ,ST8000DM002,8.00E+12,1,100,100,100,100,100
14/2/2019,ZCH0BTEP,ST12000NM0007,1.20E+13,1,100,100,100,100,100
14/2/2019,ZCH07ERS,ST12000NM0007,1.20E+13,1,90,95,100,100,100
15/2/2019,ZCH068EH,ST12000NM0007,1.20E+13,1,96,84,100,100,100
15/2/2019,S2ZYJ9CG108675,ST500LM012 HN,5.00E+11,1,252,,,252,252
15/2/2019,Z304HV83,ST4000DM000,4.00E+12,1,100,100,100,100,100
15/2/2019,ZJV2FPXG,ST12000NM0007,1.20E+13,1,100,100,100,100,100
15/2/2019,ZA12Q5WX,ST8000DM002,8.00E+12,1,100,100,100,100,100
16/2/2019,Z304HTKM,ST4000DM000,4.00E+12,1,100,100,100,100,100
16/2/2019,ZA11PYLG,ST8000DM002,8.00E+12,1,100,100,100,100,100
17/2/2019,ZCH0C1SC,ST12000NM0007,1.20E+13,1,100,62,100,100,100
17/2/2019,ZA13YAZR,ST8000DM002,8.00E+12,1,100,61,100,100,100
17/2/2019,ZJV00W03,ST12000NM0007,1.20E+13,1,100,96,100,100,100
17/2/2019,ZA21ELDL,ST10000NM0086,1.00E+13,1,100,98,100,100,100
18/2/2019,ZA11LZSP,ST8000DM002,8.00E+12,1,100,100,100,100,100
18/2/2019,S300XCAB,ST4000DM000,4.00E+12,1,100,100,100,100,100
18/2/2019,ZCH06ZR3,ST12000NM0007,1.20E+13,1,90,1,100,100,100
18/2/2019,Z30251BE,ST4000DM000,4.00E+12,1,100,100,100,91,91
19/2/2019,ZA13F7AV,ST8000NM0055,8.00E+12,1,100,100,100,100,100
19/2/2019,96HCTBHWT,TOSHIBA MQ01ABF050,5.00E+11,1,100,,,100,100
19/2/2019,ZCH06TH0,ST12000NM0007,1.20E+13,1,97,88,100,100,100
20/2/2019,ZA12HANQ,ST8000DM002,8.00E+12,1,99,93,100,100,100
20/2/2019,ZJV2EF1S,ST12000NM0007,1.20E+13,1,100,100,100,100,100
21/2/2019,Z302T6J5,ST4000DM000,4.00E+12,1,100,66,100,100,100
21/2/2019,ZJV01Y53,ST12000NM0007,1.20E+13,1,100,100,100,100,100
21/2/2019,ZJV0T5EY,ST12000NM0007,1.20E+13,1,100,100,100,100,100
21/2/2019,Z3029AR3,ST4000DM000,4.00E+12,1,100,100,100,100,100
21/2/2019,ZCH0BWRA,ST12000NM0007,1.20E+13,1,100,99,100,100,100
22/2/2019,ZA16DSXV,ST8000NM0055,8.00E+12,1,100,100,100,100,100
22/2/2019,VKHA46BX,HGST HUH728080ALE600,8.00E+12,1,100,,,100,100
22/2/2019,WD-WX71A94LDZS4,WDC WD5000LPVX,5.00E+11,1,200,,,200,100
22/2/2019,ZCH0CK24,ST12000NM0007,1.20E+13,1,100,100,100,100,100
23/2/2019,S301GM66,ST4000DM000,4.00E+12,1,100,100,100,100,100
23/2/2019,ZCH07WTA,ST12000NM0007,1.20E+13,1,100,91,100,100,100
23/2/2019,ZCH07NG3,ST12000NM0007,1.20E+13,1,82,100,100,100,100
24/2/2019,ZCH07T7C,ST12000NM0007,1.20E+13,1,100,98,100,100,100
24/2/2019,S300ZQVL,ST4000DM000,4.00E+12,1,100,99,100,100,100
24/2/2019,ZA1818HP,ST8000NM0055,8.00E+12,1,100,85,100,100,100
24/2/2019,Z30513PV,ST4000DM000,4.00E+12,1,100,92,100,100,100
24/2/2019,ZCH06L5P,ST12000NM0007,1.20E+13,1,100,100,100,100,100
24/2/2019,Z305D56S,ST4000DM000,4.00E+12,1,100,99,100,100,100
24/2/2019,ZCH0704J,ST12000NM0007,1.20E+13,1,100,100,100,100,100
24/2/2019,S300Z43B,ST4000DM000,4.00E+12,1,100,100,100,100,100
25/2/2019,ZCH0GGTT,ST12000NM0007,1.20E+13,1,99,93,100,100,100
25/2/2019,ZCH0BW5F,ST12000NM0007,1.20E+13,1,97,68,100,100,100
25/2/2019,ZCH0BWRT,ST12000NM0007,1.20E+13,1,100,100,100,100,100
25/2/2019,Z3039XWR,ST4000DM000,4.00E+12,1,100,40,100,100,100
25/2/2019,ZCH06H6M,ST12000NM0007,1.20E+13,1,100,100,100,100,100
26/2/2019,S2ZYJ9CF715326,ST500LM012 HN,5.00E+11,1,252,,,100,252
26/2/2019,ZA108H7W,ST8000DM002,8.00E+12,1,100,54,100,100,100
26/2/2019,ZJV00FJ4,ST12000NM0007,1.20E+13,1,99,99,100,100,100
26/2/2019,ZA12JTD2,ST8000DM002,8.00E+12,1,100,100,100,100,100
26/2/2019,ZA170TQ1,ST8000NM0055,8.00E+12,1,100,100,100,100,100
26/2/2019,ZJV2ESYX,ST12000NM0007,1.20E+13,1,100,100,100,92,92
26/2/2019,WD-WXB1AB51LRX7,WDC WD5000LPCX,5.00E+11,1,200,,,200,100
27/2/2019,S3010LCN,ST4000DM000,4.00E+12,1,100,96,100,100,100
27/2/2019,PL2331LAG9L1WJ,HGST HMS5C4040ALE640,4.00E+12,1,100,,,100,100
27/2/2019,ZA12YJK7,ST8000NM0055,8.00E+12,1,100,100,100,100,100
27/2/2019,Z304J0NT,ST4000DM000,4.00E+12,1,100,97,100,100,100
28/2/2019,S301NH5Z,ST4000DM000,4.00E+12,1,98,93,100,100,100
28/2/2019,ZCH0DYK0,ST12000NM0007,1.20E+13,1,100,100,100,100,100
28/2/2019,ZCH0AXMF,ST12000NM0007,1.20E+13,1,99,99,100,100,100
28/2/2019,ZCH03YFN,ST12000NM0007,1.20E+13,1,100,97,100,100,100
1/3/2019,ZCH0547F,ST12000NM0007,1.20E+13,1,100,100,100,100,100
1/3/2019,57QEWPXQT,TOSHIBA MQ01ABF050,5.00E+11,1,100,,,100,100
1/3/2019,ZJV1L5N1,ST12000NM0007,1.20E+13,1,100,100,100,100,100
1/3/2019,ZA153SZQ,ST8000NM0055,8.00E+12,1,100,100,100,100,100
1/3/2019,ZA13GZB3,ST8000NM0055,8.00E+12,1,100,100,100,100,100
2/3/2019,S2ZYJ9GGB01043,ST500LM012 HN,5.00E+11,1,252,,,99,252
2/3/2019,ZCH07NZM,ST12000NM0007,1.20E+13,1,100,100,100,100,100
3/3/2019,ZA180QNJ,ST8000NM0055,8.00E+12,1,100,100,100,100,100
3/3/2019,ZA131FYF,ST8000NM0055,8.00E+12,1,100,98,100,100,100
3/3/2019,ZCH0BNS3,ST12000NM0007,1.20E+13,1,100,98,100,100,100
3/3/2019,ZCH0BWVW,ST12000NM0007,1.20E+13,1,100,99,100,100,100
3/3/2019,ZA13YLQ9,ST8000DM002,8.00E+12,1,98,98,100,100,100
4/3/2019,ZCH06WEZ,ST12000NM0007,1.20E+13,1,100,100,100,100,100
4/3/2019,8HK19G2H,HGST HUH721212ALN604,1.20E+13,1,100,,,100,100
4/3/2019,ZCH0CN2T,ST12000NM0007,1.20E+13,1,100,100,100,100,100
4/3/2019,ZA13ZRYH,ST8000DM002,8.00E+12,1,100,100,100,100,100
4/3/2019,ZA180R77,ST8000NM0055,8.00E+12,1,100,100,100,100,100
4/3/2019,ZCH0783C,ST12000NM0007,1.20E+13,1,96,83,100,100,100
4/3/2019,Z30251SR,ST4000DM000,4.00E+12,1,100,100,100,100,100
4/3/2019,ZA180R1C,ST8000NM0055,8.00E+12,1,100,98,100,100,100
4/3/2019,PL1331LAHENJ2H,HGST HMS5C4040BLE640,4.00E+12,1,100,,,100,100
5/3/2019,57GGPD9NT,TOSHIBA MQ01ABF050,5.00E+11,1,100,,,100,100
6/3/2019,Z4D05TMX,ST6000DX000,6.00E+12,1,100,100,100,100,100
6/3/2019,ZCH0817E,ST12000NM0007,1.20E+13,1,100,100,100,100,100
6/3/2019,ZA171S1E,ST8000NM0055,8.00E+12,1,100,96,100,100,100
7/3/2019,ZA180XD5,ST8000NM0055,8.00E+12,1,100,100,100,100,100
8/3/2019,ZJV02GJM,ST12000NM0007,1.20E+13,1,99,87,100,100,100
8/3/2019,ZJV03Y00,ST12000NM0007,1.20E+13,1,100,99,100,100,100
8/3/2019,ZDEB33GK,ST500LM030,5.00E+11,1,100,100,100,100,100
8/3/2019,Z302T6CW,ST4000DM000,4.00E+12,1,100,91,100,100,100
8/3/2019,PL1331LAHBYKEH,HGST HMS5C4040BLE640,4.00E+12,1,100,,,100,100
8/3/2019,ZCH0DY2X,ST12000NM0007,1.20E+13,1,100,100,100,100,100
9/3/2019,ZJV058H7,ST12000NM0007,1.20E+13,1,100,93,100,100,100
10/3/2019,ZA181JB7,ST8000NM0055,8.00E+12,1,100,93,100,100,100
10/3/2019,Z305DVWM,ST4000DM000,4.00E+12,1,100,89,100,100,100
10/3/2019,ZCH09MGG,ST12000NM0007,1.20E+13,1,100,100,100,100,100
10/3/2019,Z305DF66,ST4000DM000,4.00E+12,1,100,73,100,100,100
11/3/2019,ZJV2QMLV,ST12000NM0007,1.20E+13,1,100,84,100,100,100
11/3/2019,Z305NZY4,ST4000DM000,4.00E+12,1,100,88,100,100,100
11/3/2019,VKGM0LYX,HGST HUH728080ALE600,8.00E+12,1,100,,,100,100
12/3/2019,ZJV03VVA,ST12000NM0007,1.20E+13,1,100,100,100,100,100
12/3/2019,ZA1421XC,ST8000DM002,8.00E+12,1,100,100,100,100,100
12/3/2019,ZCH06WPN,ST12000NM0007,1.20E+13,1,78,1,100,100,100
12/3/2019,ZCH0681Z,ST12000NM0007,1.20E+13,1,97,89,100,100,100
13/3/2019,ZCH06H3V,ST12000NM0007,1.20E+13,1,95,100,100,100,100
13/3/2019,ZCH06J46,ST12000NM0007,1.20E+13,1,93,90,100,100,100
13/3/2019,S300Z8CZ,ST4000DM000,4.00E+12,1,100,96,100,100,100
13/3/2019,ZA17ZEY3,ST8000NM0055,8.00E+12,1,100,100,100,100,100
13/3/2019,ZCH06EE3,ST12000NM0007,1.20E+13,1,100,100,100,100,100
13/3/2019,S301GP8P,ST4000DM000,4.00E+12,1,100,100,100,100,100
13/3/2019,ZA17ZNJY,ST8000NM0055,8.00E+12,1,100,100,100,100,100
13/3/2019,ZCH0D1BJ,ST12000NM0007,1.20E+13,1,100,97,100,100,100
13/3/2019,Z304HSCX,ST4000DM000,4.00E+12,1,100,85,100,100,100
13/3/2019,ZCH07C5S,ST12000NM0007,1.20E+13,1,95,50,100,100,100
14/3/2019,ZCH0CE3Z,ST12000NM0007,1.20E+13,1,99,94,100,100,100
14/3/2019,VKH0P1XX,HGST HUH728080ALE600,8.00E+12,1,100,,,100,100
14/3/2019,ZCH0BMQB,ST12000NM0007,1.20E+13,1,100,100,100,100,100
14/3/2019,ZCH06FLV,ST12000NM0007,1.20E+13,1,100,100,100,100,100
14/3/2019,ZJV2E903,ST12000NM0007,1.20E+13,1,100,100,100,100,100
14/3/2019,Z305BE77,ST4000DM000,4.00E+12,1,100,82,100,100,100
14/3/2019,Z30271N2,ST4000DM000,4.00E+12,1,95,99,100,100,100
15/3/2019,8CGDGNBH,HGST HUH721212ALE600,1.20E+13,1,100,,,100,100
15/3/2019,ZCH0C00R,ST12000NM0007,1.20E+13,1,100,100,100,100,100
15/3/2019,PL2331LAHDE5NJ,HGST HMS5C4040BLE640,4.00E+12,1,100,,,100,100
15/3/2019,ZCH07344,ST12000NM0007,1.20E+13,1,100,100,100,100,100
15/3/2019,Z304LK31,ST4000DM000,4.00E+12,1,100,100,100,100,100
16/3/2019,5641SFR8S,TOSHIBA MQ01ABF050,5.00E+11,1,100,,,100,100
16/3/2019,ZCH0D2Q6,ST12000NM0007,1.20E+13,1,100,100,100,100,100
16/3/2019,ZA1087QH,ST8000DM002,8.00E+12,1,100,81,100,100,100
16/3/2019,ZJV1KYQZ,ST12000NM0007,1.20E+13,1,100,100,100,100,100
16/3/2019,ZA1805V0,ST8000NM0055,8.00E+12,1,100,93,100,100,100
16/3/2019,ZCH0CE90,ST12000NM0007,1.20E+13,1,100,86,100,100,100
16/3/2019,PL1331LAHD69MH,HGST HMS5C4040BLE640,4.00E+12,1,100,,,100,100
17/3/2019,ZJV03GLF,ST12000NM0007,1.20E+13,1,100,100,100,100,100
17/3/2019,8HK8T7NH,HGST HUH721212ALN604,1.20E+13,1,100,,,100,100
17/3/2019,ZCH086EZ,ST12000NM0007,1.20E+13,1,100,100,100,100,100
17/3/2019,8HJM5LKH,HGST HUH721212ALN604,1.20E+13,1,100,,,100,100
18/3/2019,S300XB04,ST4000DM000,4.00E+12,1,100,96,100,100,100
18/3/2019,S301PS84,ST4000DM000,4.00E+12,1,100,100,100,100,100
18/3/2019,ZA16DSXP,ST8000NM0055,8.00E+12,1,59,94,100,100,100
18/3/2019,ZCH0B2VP,ST12000NM0007,1.20E+13,1,99,98,100,100,100
18/3/2019,Z304JNC9,ST4000DM000,4.00E+12,1,100,100,100,100,100
18/3/2019,Z304JHF7,ST4000DM000,4.00E+12,1,100,100,100,100,100
18/3/2019,Z302EPJK,ST4000DM000,4.00E+12,1,99,51,100,100,100
18/3/2019,ZA180ZVY,ST8000NM0055,8.00E+12,1,100,100,100,100,100
18/3/2019,ZDECXSZF,ST500LM030,5.00E+11,1,100,100,100,100,100
18/3/2019,Z305758R,ST4000DM000,4.00E+12,1,100,36,100,99,99
18/3/2019,WD-WX11DA4DJNAR,WDC WD60EFRX,6.00E+12,1,200,,,200,100
18/3/2019,ZJV2ENN5,ST12000NM0007,1.20E+13,1,100,100,100,98,98
18/3/2019,ZDEB00M3,ST500LM030,5.00E+11,1,100,100,100,100,100
18/3/2019,Z304JDDH,ST4000DM000,4.00E+12,1,100,85,100,100,100
19/3/2019,ZDEB2V6C,ST500LM030,5.00E+11,1,100,100,100,100,100
19/3/2019,ZA11HYL7,ST8000DM002,8.00E+12,1,100,100,100,100,100
19/3/2019,ZCH09JYH,ST12000NM0007,1.20E+13,1,100,100,100,100,100
19/3/2019,ZCH092S4,ST12000NM0007,1.20E+13,1,100,100,100,100,100
19/3/2019,ZCH02LQX,ST12000NM0007,1.20E+13,1,98,96,100,100,100
19/3/2019,ZCH0ADQ4,ST12000NM0007,1.20E+13,1,100,99,100,100,100
19/3/2019,ZJV00EGC,ST12000NM0007,1.20E+13,1,98,98,100,100,100
19/3/2019,S300ZRP2,ST4000DM000,4.00E+12,1,100,96,100,100,100
19/3/2019,ZA12KEHD,ST8000DM002,8.00E+12,1,100,100,100,100,100
19/3/2019,96HCTBI7T,TOSHIBA MQ01ABF050,5.00E+11,1,100,,,100,100
19/3/2019,ZJV000NZ,ST12000NM0007,1.20E+13,1,96,58,100,100,100
19/3/2019,ZCH06VE2,ST12000NM0007,1.20E+13,1,93,82,100,100,100
19/3/2019,Z3041J67,ST4000DM000,4.00E+12,1,100,100,100,100,100
20/3/2019,S301NXNV,ST4000DM000,4.00E+12,1,100,78,100,100,100
20/3/2019,ZCH0ASMB,ST12000NM0007,1.20E+13,1,100,94,100,100,100
20/3/2019,ZCH06GX4,ST12000NM0007,1.20E+13,1,100,100,100,100,100
20/3/2019,ZCH07VX2,ST12000NM0007,1.20E+13,1,100,100,100,100,100
20/3/2019,Z304RKYC,ST4000DM000,4.00E+12,1,100,87,100,100,100
20/3/2019,Z305BFRR,ST4000DM000,4.00E+12,1,100,96,100,100,100
21/3/2019,ZA11VCRQ,ST8000DM002,8.00E+12,1,99,100,100,100,100
21/3/2019,ZJV1377T,ST12000NM0007,1.20E+13,1,100,97,100,100,100
22/3/2019,Z3041NJE,ST4000DM000,4.00E+12,1,100,100,100,100,100
22/3/2019,PL1331LAHBS2EH,HGST HMS5C4040BLE640,4.00E+12,1,100,,,100,100
22/3/2019,ZA13FB8F,ST8000DM002,8.00E+12,1,100,94,100,100,100
22/3/2019,ZCH0966Y,ST12000NM0007,1.20E+13,1,100,100,100,100,100
22/3/2019,ZCH0BT7K,ST12000NM0007,1.20E+13,1,100,98,100,100,100
22/3/2019,ZJV03ZVD,ST12000NM0007,1.20E+13,1,100,100,100,100,100
22/3/2019,57GGPD9FT,TOSHIBA MQ01ABF050,5.00E+11,1,100,,,100,100
23/3/2019,ZCH07Q3L,ST12000NM0007,1.20E+13,1,100,100,100,100,100
23/3/2019,Z302SZJZ,ST4000DM000,4.00E+12,1,99,82,100,98,98
23/3/2019,ZCH0CK5V,ST12000NM0007,1.20E+13,1,100,100,100,100,100
24/3/2019,ZA15AX9X,ST8000NM0055,8.00E+12,1,100,100,100,100,100
24/3/2019,ZJV0WBZB,ST12000NM0007,1.20E+13,1,100,100,100,100,100
24/3/2019,ZJV03PTB,ST12000NM0007,1.20E+13,1,100,100,100,100,100
25/3/2019,ZCH080T0,ST12000NM0007,1.20E+13,1,100,97,100,100,100
25/3/2019,Z304HRM4,ST4000DM000,4.00E+12,1,100,88,100,99,99
25/3/2019,Z302T88V,ST4000DM000,4.00E+12,1,100,97,100,100,100
25/3/2019,ZCH07Y48,ST12000NM0007,1.20E+13,1,95,57,100,100,100
25/3/2019,ZA1819G2,ST8000NM0055,8.00E+12,1,100,94,100,100,100
25/3/2019,ZJV00FF1,ST12000NM0007,1.20E+13,1,100,100,100,100,100
25/3/2019,Z302SRFQ,ST4000DM000,4.00E+12,1,100,100,100,100,100
25/3/2019,ZCH07CHP,ST12000NM0007,1.20E+13,1,98,91,100,100,100
26/3/2019,57QEWPXET,TOSHIBA MQ01ABF050,5.00E+11,1,100,,,100,100
26/3/2019,ZJV00X8A,ST12000NM0007,1.20E+13,1,100,100,100,100,100
26/3/2019,Z3053NZ4,ST4000DM000,4.00E+12,1,96,77,100,100,100
26/3/2019,S300YC5D,ST4000DM000,4.00E+12,1,100,84,100,100,100
26/3/2019,ZA1818FT,ST8000NM0055,8.00E+12,1,100,100,100,100,100
26/3/2019,ZJV2EHF1,ST12000NM0007,1.20E+13,1,100,93,100,100,100
26/3/2019,188DT94WT,TOSHIBA MQ01ABF050M,5.00E+11,1,100,,,100,100
27/3/2019,ZDEABF9Y,ST500LM030,5.00E+11,1,93,89,100,100,100
27/3/2019,ZA1818F7,ST8000NM0055,8.00E+12,1,100,100,100,100,100
27/3/2019,ZCH07FDM,ST12000NM0007,1.20E+13,1,100,100,100,100,100
28/3/2019,ZCH095YG,ST12000NM0007,1.20E+13,1,100,100,100,100,100
28/3/2019,66GHS5N1S,TOSHIBA MQ01ABF050,5.00E+11,1,100,,,100,100
28/3/2019,ZA12FREW,ST8000DM002,8.00E+12,1,100,99,100,100,100
28/3/2019,S301GQQV,ST4000DM000,4.00E+12,1,100,62,100,100,100
28/3/2019,ZCH07415,ST12000NM0007,1.20E+13,1,100,100,100,100,100
28/3/2019,Z304KCJZ,ST4000DM000,4.00E+12,1,100,93,100,100,100
28/3/2019,S300Z7G1,ST4000DM000,4.00E+12,1,100,93,100,100,100
29/3/2019,57GGPD9TT,TOSHIBA MQ01ABF050,5.00E+11,1,100,,,100,100
29/3/2019,ZCH02Z5J,ST12000NM0007,1.20E+13,1,100,100,100,100,100
29/3/2019,S2ZYJ9GF302327,ST500LM012 HN,5.00E+11,1,252,,,100,252
29/3/2019,ZCH0CZ0N,ST12000NM0007,1.20E+13,1,100,100,100,100,100
29/3/2019,Z302SZLQ,ST4000DM000,4.00E+12,1,100,76,100,100,100
29/3/2019,S301NGZN,ST4000DM000,4.00E+12,1,100,100,100,100,100
29/3/2019,ZA17G86N,ST8000NM0055,8.00E+12,1,100,97,100,100,100
30/3/2019,S301GNWY,ST4000DM000,4.00E+12,1,100,86,100,100,100
